{"lr-AdamW": 0.0004998307958714905, "trainer/global_step": 185, "_timestamp": 1703100819.0722263, "_runtime": 177.77367424964905, "_step": 126, "train_loss_rec": 0.021995924413204193, "train_loss_reg": 0.7260489463806152, "train_loss_reg_weighted": 0.0, "train_loss_rec_mse": 0.021995924413204193, "train_loss_rec_abs": 0.04258342832326889, "train_loss_rec_max": 3.933468818664551, "train_loss_rec_smaller_01": 0.9904979467391968, "train_loss_rec_smaller_001": 0.9814496040344238, "train_loss_rec_smaller_0001": 0.8322271108627319, "train_loss": 0.021995924413204193, "epoch": 2, "val_loss_rec": 0.02173457108438015, "val_loss_reg": 0.7992177605628967, "val_loss_reg_weighted": 0.0, "val_loss_rec_mse": 0.02173457108438015, "val_loss_rec_abs": 0.03876655921339989, "val_loss_rec_max": 3.9607856273651123, "val_loss_rec_smaller_01": 0.9902352094650269, "val_loss_rec_smaller_001": 0.9774671196937561, "val_loss_rec_smaller_0001": 0.8834941983222961, "val_loss": 0.02173457108438015, "reconstruction_seq": {"_type": "image-file", "sha256": "dd30d773aa2d0f2e9551d2748db2d7091d73fb952b6391265cef39c956efc9d8", "size": 83343, "path": "media/images/reconstruction_seq_65_dd30d773aa2d0f2e9551.png", "format": "png", "width": 518, "height": 2066}, "reconstruction_rand": {"_type": "image-file", "sha256": "3966442f6f42799c652238d5347ed2b935aeee8ef5a1bc50628f34274d13cedc", "size": 83589, "path": "media/images/reconstruction_rand_124_3966442f6f42799c6522.png", "format": "png", "width": 518, "height": 2066}}