{"lr-AdamW": 0.0002449994484546188, "trainer/global_step": 49, "_timestamp": 1703174805.0977464, "_runtime": 21.819069385528564, "_step": 1, "train_loss_rec": 0.02144732140004635, "train_loss_reg": 0.5883166193962097, "train_loss_reg_weighted": 0.0, "train_loss_rec_mse": 0.02144732140004635, "train_loss_rec_abs": 0.03328763321042061, "train_loss_rec_max": 4.257158279418945, "train_loss_rec_smaller_01": 0.9907913208007812, "train_loss_rec_smaller_001": 0.9859390258789062, "train_loss_rec_smaller_0001": 0.8063844442367554, "train_loss": 0.02144732140004635, "epoch": 0}