{"lr-AdamW": 0.0004965405255325863, "trainer/global_step": 13599, "_timestamp": 1703114498.576597, "_runtime": 12058.581585884094, "_step": 12543, "train_loss_rec": 0.004745630081743002, "train_loss_reg": 2.8077218532562256, "train_loss_reg_weighted": 0.0, "train_loss_rec_mse": 0.004745630081743002, "train_loss_rec_abs": 0.005525933112949133, "train_loss_rec_max": 3.999387741088867, "train_loss_rec_smaller_01": 0.9964962005615234, "train_loss_rec_smaller_001": 0.9932572245597839, "train_loss_rec_smaller_0001": 0.9869381785392761, "train_loss": 0.004745630081743002, "epoch": 10, "val_loss_rec": 0.008777505718171597, "val_loss_reg": 2.6470298767089844, "val_loss_reg_weighted": 0.0, "val_loss_rec_mse": 0.008777505718171597, "val_loss_rec_abs": 0.008925531059503555, "val_loss_rec_max": 3.997323989868164, "val_loss_rec_smaller_01": 0.9936913847923279, "val_loss_rec_smaller_001": 0.9889430999755859, "val_loss_rec_smaller_0001": 0.9807863831520081, "val_loss": 0.008777505718171597, "reconstruction_seq": {"_type": "image-file", "sha256": "26afc4c555422757aba4ce5d5a1563d5490d90a8fef742a346624ad317020411", "size": 73276, "path": "media/images/reconstruction_seq_11301_26afc4c555422757aba4.png", "format": "png", "width": 518, "height": 2066}, "reconstruction_rand": {"_type": "image-file", "sha256": "d41b808bbd37c3ae78b3363e9c53455c4aeec330e9782f6f05851a52bd84f9b4", "size": 71296, "path": "media/images/reconstruction_rand_12500_d41b808bbd37c3ae78b3.png", "format": "png", "width": 518, "height": 2066}}