{"lr-AdamW": 0.0004996982104837301, "trainer/global_step": 199, "_timestamp": 1703100597.4203482, "_runtime": 178.9192111492157, "_step": 10, "train_loss_rec": 0.021779704838991165, "train_loss_reg": 0.8460742831230164, "train_loss_reg_weighted": 0.0, "train_loss_rec_mse": 0.021779704838991165, "train_loss_rec_abs": 0.03706442937254906, "train_loss_rec_max": 3.968984842300415, "train_loss_rec_smaller_01": 0.9901410937309265, "train_loss_rec_smaller_001": 0.9832889437675476, "train_loss_rec_smaller_0001": 0.9063083529472351, "train_loss": 0.021779704838991165, "epoch": 3, "val_loss_rec": 0.021772833541035652, "val_loss_reg": 0.8143428564071655, "val_loss_reg_weighted": 0.0, "val_loss_rec_mse": 0.021772833541035652, "val_loss_rec_abs": 0.038415905088186264, "val_loss_rec_max": 3.9515554904937744, "val_loss_rec_smaller_01": 0.9909528493881226, "val_loss_rec_smaller_001": 0.9806140661239624, "val_loss_rec_smaller_0001": 0.875641405582428, "val_loss": 0.021772833541035652}